occ;titre;organisation;datasetKey
47699;Camera-trapping: wild and domestic species occurrences in three Pyrenean pastures;UMR 5602 GEODE Géographie de l’environnement (CNRS/Université Toulouse 2);fefe45aa-0d87-4cfd-b8fc-decee91fc2fc
31300;iNaturalist Research-grade Observations;iNaturalist.org;50c9509d-22c7-4a22-a47d-8c48425ef4a7
17483;Observation.org, Nature data from around the World;Observation.org;8a863029-f435-446a-821e-275f4f641165
5029;Données d'observation flore du réseau des CBN issues du système d'information de la FCBN;UAR PatriNat (OFB-MNHN-CNRS-IRD), Paris;d7cc19ba-7785-4131-ab63-3328a99ecfab
3189;Inventaire national des araignées de France métropolitaine;UAR PatriNat (OFB-MNHN-CNRS-IRD), Paris;38b69d98-e980-4a30-aaf7-f9616d34ae02
1819;Carnet en Ligne;Tela Botanica;baa86fb2-7346-4507-a34f-44e4c1bd0d57
534;CRBPO : STOC, Baguage;UAR PatriNat (OFB-MNHN-CNRS-IRD), Paris;ab47c4a9-4b6a-4d59-b846-899d9420f7d3
273;Paleobiology Database;Paleobiology Database;bb5b30b4-827e-4d5e-a86a-825d65cb6583
184;Xeno-canto - Bird sounds from around the world;Xeno-canto Foundation for Nature Sounds;b1047888-ae52-4179-9dd5-5448ea342a24
171;Xeno-canto - Orthoptera sounds from around the world;Xeno-canto Foundation for Nature Sounds;ecce3417-d4fd-4fab-9009-09ad3f3f62b3
103;Col·lecció de líquens de l'herbari de la Universitat de Barcelona;Herbario BCN (CeDocBiV-Univ. de Barcelona);7f2889e6-f762-11e1-a439-00145eb45e9a
91;Suivi de l'expansion du Frelon asiatique (Vespa velutina) : données Frelon;UAR PatriNat (OFB-MNHN-CNRS-IRD), Paris;4145cd45-8a92-426d-be8b-bfbbf5209032
70;Herbarium – De Candolle's Prodromus (CJBG-G-DC) of Conservatoire et Jardin botaniques de Genève;Swiss Natural History Collections - SwissNatColl;63e9e22d-a649-4087-b39e-acb1651af077
69;BirdMap Data - GPS tracking of Storks, Cranes and birds of prey, breeding in Northern and Eastern Europe;PlutoF;712dba38-74cc-4704-87c0-63d1bf8484bc
54;Cartographie des Leguminosae (Fabaceae) en France;Tela Botanica;cbd241aa-a115-4856-af66-fac5cb90f2cc
52;Col·lecció de plantes de l'herbari de la Universitat de Barcelona;Herbario BCN (CeDocBiV-Univ. de Barcelona);834f1756-f762-11e1-a439-00145eb45e9a
51;Institut Botanic de Barcelona (IBB), CSIC-CMCNB – BC-Plantae;Institut Botànic de Barcelona (CSIC-CMCNB);838475f4-f762-11e1-a439-00145eb45e9a
50;Lund University Biological Museum - Insect collections Specimens;Lund University Biological Museum;b23c2479-214f-4160-9f98-bd3831ab131b
37;CSIC-Real Jardín Botánico-Anthos. Sistema de Información de las Plantas de España;Real Jardín Botánico (CSIC);4cf3eec1-b902-40c9-b15b-05c5fe5928b6
31;Charles Gardner Shaw Mycological Herbarium, Washington State University;Charles Gardner Shaw Mycological Herbarium, Washington State University;0ec61c42-6eda-441e-b327-7ec241c8ec95
30;Institut Botanic de Barcelona (IBB), CSIC-CMCNB – BC-Trèmols;Institut Botànic de Barcelona (CSIC-CMCNB);e0737b6f-8e8b-4ea5-aad4-b905a79a86ae
30;Museum of Comparative Zoology, Harvard University;Museum of Comparative Zoology, Harvard University;4bfac3ea-8763-4f4b-a71a-76a6f5f243d3
28;Lund University Biological Museum - Botanical collection (LD);Lund University Biological Museum;aab0cf80-0c64-11dd-84d1-b8a03c50a862
21;RBINS DaRWIN;Royal Belgian Institute of Natural Sciences;8138eb72-f762-11e1-a439-00145eb45e9a
18;Duke University Herbarium Lichen Collection;Duke University Herbarium;ee4d0706-38af-4bc4-8539-e17c0ca8512e
18;RBINS Crustacea collection;Royal Belgian Institute of Natural Sciences;db2cd6fc-a7d5-43ad-b944-8a663d57ae73
17;IberArthro: A database compiling taxonomic and distributional data on Ibero-Balearic arthropods;Department of Ecology and Hydrology. University of Murcia;73319645-c321-48ed-b923-b3782a203589
14;Earth Guardians Weekly Feed;Questagame;e3ce628e-9683-4af7-b7a9-47eef785d3bb
12;Fungal occurrences from the Basque Country and neighbouring areas: ARAN-Fungi;Aranzadi Science Society;a48c2e76-4984-4540-9bf6-f4d579ed7d99
11;Biodiversitätsdatenbank Salzburg;Haus der Natur Salzburg, Museum für Natur und Technik;c1492854-5d15-40e9-9ee7-24a18ac05112
10;Wisconsin State Herbarium, Bryophytes;University of Wisconsin - Madison;ed09ed80-262a-4882-8326-359a7d8f7c66
9;Xeno-canto - Soundscapes from around the world;Xeno-canto Foundation for Nature Sounds;ff571aeb-46bf-45c4-ad2c-af4d68315765
9;University of Florida Herbarium - Bryophytes;Florida Museum of Natural History;ad004988-7cbf-4af7-9cdb-d7500cc025f2
8;Actualisation de la cartographie des Ptéridophytes de France et d'Europe occidentale;Tela Botanica;2aaf8ea9-0460-41d2-a651-3583479947c6
7;VIT-Coleopterotheca (The Natural History Museum of Álava);Natural History Museum of Alava (Museo de Ciencias Naturales de Álava / Arabako Natura Zientzien Museoa);5978f9a9-c6e9-4f45-aa12-54743b72fe78
6;Phengaris;Musée des Confluences;a1d9fbbf-6c9b-4af4-bd6a-86337c789bb2
6;Collection botanique Le Grand A. (BOUM);Muséum Gabriel Foucher, musée d’histoire naturelle de la ville de Bourges;579e870e-ddf2-4d40-9404-3073b5efe726
6;KTU Herbarium - General collection;University of Silesia in Katowice;1e81eb56-22e3-482f-85ce-70ae9573724a
5;Wisconsin State Herbarium, Lichens;University of Wisconsin - Madison;10eeee73-a6f5-4793-bad4-b935db096efa
4;BV Insectarium Virtual;Fotografía y Biodiversidad;fb7d56ee-11aa-454f-8542-89e2ce0fa976
4;Dermaptera;Musée des Confluences;f367501d-f153-4a34-83ac-727a902c6c80
4;Colección de Oligoquetos Acuáticos de la UPV/EHU;Dep. Zoology and Animal Cellular Biology, Fac. Sciences, Univ. País Vasco;7a2d4cc4-f762-11e1-a439-00145eb45e9a
4;University of Kentucky Insect Collection;University of Kentucky;7701aa4d-37e8-43f4-a8a7-6768ef027d34
4;Lund University Biological Museum - Zoological collections (MZLU);Lund University Biological Museum;427a6290-0c65-11dd-84d2-b8a03c50a862
4;The collection of Bathynellacea specimens of MNCN (CSIC) Madrid: microscope slices and DNA extracts;Museo Nacional de Ciencias Naturales (CSIC);07f0789f-c777-4c99-acb3-815c78c7db81
3;VIT Herbarium - Vascular Plants (The Natural History Museum of Alava);Natural History Museum of Alava (Museo de Ciencias Naturales de Álava / Arabako Natura Zientzien Museoa);9f6f3c1c-b8b2-4d1d-be3e-36217e1cb9b8
3;Universidad de Murcia, Dpto. Biología Vegetal (Botánica), Murcia: MUB-MUSCI;Department of Plant Biology. Faculty of Biological Sciences. Univ. Murcia;88af1796-f762-11e1-a439-00145eb45e9a
3;University of Tennessee Bryophyte Herbarium;University of Tennessee Herbarium;16630817-fd43-49d6-bfff-ae5ffa473724
3;Col·lecció de Briòfits de l'herbari de la Universitat de Barcelona;Herbario BCN (CeDocBiV-Univ. de Barcelona);035c61a1-b2a0-4c10-bf96-577997b3b21a
2;KRA Vascular Plant Collection;Jagiellonian University;eda63f13-cdbb-417f-9085-ce31eb5f3c28
2;University of Michigan Museum of Zoology, Division of Birds;University of Michigan Museum of Zoology;be5507b9-7abf-4b69-afe1-5ca2b7561734
2;RBINS Mammal collection;Royal Belgian Institute of Natural Sciences;8581f44d-7373-4138-9a3f-7d7508047419
2;Colección de plantas vasculares del herbario de la Universitat de València (VAL);Botanical Garden, University of Valencia;834a4794-f762-11e1-a439-00145eb45e9a
2;University of Colorado, Museum of Natural History Herbarium Lichen Collection;University of Colorado Museum of Natural History;7ed55b51-4336-4f74-a05a-274afffe771f
2;"Colección de plantas vasculares del Herbario ""Jaime Andrés Rodríguez"". LEB";Herbario Jaime Andrés Rodríguez (LEB). Universidad de León;7b74be32-f762-11e1-a439-00145eb45e9a
2;RBINS Reptile collection;Royal Belgian Institute of Natural Sciences;4cfcc190-f0e0-4611-8253-003481290d38
2;Proyecto PHYLOPYR: La filogenia de las plantas con flores del Pirineo;Instituto Pirenaico de Ecología (CSIC);45329de8-a48e-4e92-a709-f8303220ac84
2;Miami University Turrell Herbarium - Bryophytes;W.S. Turrell Herbarium (MU);42fc31bd-81d7-48eb-949b-d0b1e73b34b4
2;NDFF Butterfly Data;Butterfly Conservation Europe;421e6128-74cb-48ac-b76e-e419d39e2527
2;Ephemeroptera taxonomy and faunistic collection at CNR-IRSA Brugherio (Milano, Italy);Consiglio Nazionale delle Ricerche - Istituto di Ricerca sulle Acque;1c016e80-a3dc-47d5-b49b-cd89885992d0
1;Butler University - Algae;Butler University, Friesner Herbarium;fa2ae7b6-2ede-4ba4-b12c-82a351452662
1;Anymals+plants - Citizen Science Data;Museum für Naturkunde Berlin;e6c97f6e-e952-11e2-961f-00145eb45e9a
1;Mushroom Observer;Mushroom Observer, Inc.;d714382d-5890-4234-ae81-696eeb53658a
1;Herbario de la Facultad de Ciencias Biológicas de la Universidad Complutense de Madrid (MACB, Profesora Maruja Carrasco);Departamento de Biodiversidad, Ecología y Evolución, Unidad Docente de Botánica. Fac. de Ciencias Biológicas, Univ. Complutense de Madrid;ceff8c75-950b-4405-a116-60247d1adacb
1;Universidad de Jaén - Herbario de la Universidad de Jaén (JAEN);Universidad de Jaén;c3b131e0-e7fd-48de-bafb-6ce794018af9
1;Xeno-canto - Anura sounds from around the world;Xeno-canto Foundation for Nature Sounds;bcf8d1fc-6bf0-4f57-9076-7d9ae2828ec2
1;Brigham Young University Arthropod Collection;Brigham Young University, Arthropod Collection;ae24fb7b-af3c-478c-a1ed-2215a90793cc
1;Universidad de Oviedo. Departamento de Biología de Organismos y Sistemas: FCO;Department of Organisms and Systems Biology. University of Oviedo;835177da-f762-11e1-a439-00145eb45e9a
1;Tartu University fossil collections;Geocollections of Estonia;81321482-f762-11e1-a439-00145eb45e9a
1;Xeno-canto - Land mammal sounds from around the world;Xeno-canto Foundation for Nature Sounds;80f94317-a61f-477f-af06-037632ad6e3b
1;Royal Botanic Garden Edinburgh Living Plant Collections (E);Royal Botanic Garden Edinburgh;7adf20e0-c955-11de-95c0-b8a03c50a862
1;RBINS Amphibian collection;Royal Belgian Institute of Natural Sciences;6d27080f-ed47-48e2-90e8-cdebaba11a03
1;Xeno-canto - Chiroptera sounds from around the world;Xeno-canto Foundation for Nature Sounds;6bd8ad26-218d-4657-8549-c30d69356664
1;The BGE Project dataset (part 1);Museo Nacional de Ciencias Naturales (CSIC);400008fb-ff41-4ae7-ace6-e7401ba50d53
1;Estonian University of Life Sciences Institute of Agricultural and Environmental Sciences Entomological Collection;Estonian University of Life Sciences;1af83152-24f7-4df7-afbc-b213b62175bb
1;Historical Ringing Data of Birds with Polish Rings;Museum and Institute of Zoology, Polish Academy of Sciences (MIIZ PAN);1066dc76-6416-477a-a953-aec2bcd8de6b
