count;license;deja_en_base;title;sinp_uuid;key;doi;jdd_local;nb_local
117197;CC-BY;non;Faune Occitanie : Saisie naturaliste opportuniste-Données opportunistes OISEAUX de Faune-Occitanie;c3710778-6492-4094-b7a6-9d63a76e133a;c3710778-6492-4094-b7a6-9d63a76e133a;10.15468/2pbhz4;;
98098;CC-BY;non;INPN - Données flore des CBN agrégées par la FCBN;75956ee6-1a2b-4fa3-b3e8-ccda64ce6c2d;75956ee6-1a2b-4fa3-b3e8-ccda64ce6c2d;10.15468/omae84;;
92226;CC-BY;non;Saisie naturaliste opportuniste dans SICEN Occitanie-Données opportunistes du CEN Midi-Pyrénées;1560f099-f48d-43ac-8d88-ce329a53aa7e;1560f099-f48d-43ac-8d88-ce329a53aa7e;10.15468/jqsgs8;;
72142;CC-BY;non;Données piscicoles et astacicoles des cours d'eau de France métropolitaine bancarisées dans ASPE (OFB) - Données acquises selon le protocole de pêche complète à un ou plusieurs passages - ASPE - OFB;724ec4af-c9a3-490b-b718-a1b202437c0f;724ec4af-c9a3-490b-b718-a1b202437c0f;10.15468/3fl71g;;
48482;CC-BY;non;Observations opportunistes de flore vasculaire, bryophytes, champignons et lichens-Observations opportunistes Flore, Fonge et Bryophytes des salariés et bénévoles de l'ANA;24162425-24c3-4bf2-b1b1-e29b7c19931a;24162425-24c3-4bf2-b1b1-e29b7c19931a;10.15468/g5b9bq;;
40005;CC-BY;non;Données de l'inventaire forestier national de l'IGN-Relevés floristiques du protocole de l'Inventaire National Forestier de l'IGN;e5f16d86-e225-4822-97be-a64ce17079c7;e5f16d86-e225-4822-97be-a64ce17079c7;10.15468/kqs0zw;;
32022;CC-BY;non;Observations opportunistes de flore vasculaire, bryophytes, champignons et lichens-Observations opportunistes Flore, Fonge et Bryophytes des salariés et bénévoles du CBNPMP;e2d928f8-abbc-402c-9c78-c34f248ca096;e2d928f8-abbc-402c-9c78-c34f248ca096;10.15468/63hxwq;;
30975;CC-BY;non;Programmes de connaissance sur les communautés d'invertébrés en Occitanie-Données des lépidoptères de France issues du portail Artemisiae;;c95d7c37-9ff8-4ad9-a856-ca0f4d3fd9ed;10.15468/3mh2vt;;
30369;CC-BY;non;Inventaire général de la flore vasculaire sur le territoire d'agrément du CBNPMP-Inventaire général de la flore vasculaire de Midi-Pyrénées par le CBNPMP;dd3d3542-9038-4c60-9bbe-c683101e83ed;dd3d3542-9038-4c60-9bbe-c683101e83ed;10.15468/h4w74x;;
16946;CC-BY;non;Données Oiseaux des Jardins;;e0876b81-db28-4e44-891e-ae768e6bb9b5;10.15468/db5mw8;;
15435;CC-BY;non;Données piscicoles et astacicoles des cours d'eau de France métropolitaine bancarisées dans ASPE (OFB) - Données acquises selon le protocole de pêche partielle par points - ASPE - OFB;0b5f972e-0f84-4d07-9b84-96c09e2925da;0b5f972e-0f84-4d07-9b84-96c09e2925da;10.15468/q1g8w7;;
14827;CC-BY;non;Observations opportunistes de flore vasculaire, bryophytes, champignons et lichens-Observations Flore, Fonge et Bryophytes de l'ONF en Midi-Pyrénées;25f25b99-44b1-40c8-9402-7ff824c9063d;25f25b99-44b1-40c8-9402-7ff824c9063d;10.15468/v54pqr;;
14310;CC-BY;non;Dépouillements bibliographiques du CBNPMP-Dépouillements bibliographiques réalisées par le CBNPMP;323c7189-3af3-4500-928d-8f8582dbd19d;323c7189-3af3-4500-928d-8f8582dbd19d;10.15468/8d9afn;;
13930;CC-BY;non;Observations opportunistes de flore vasculaire, bryophytes, champignons et lichens-Observations opportunistes Flore, Fonge et Bryophytes du CRPF en Midi-Pyrénées;;b7b219b2-b602-40a2-8427-3d02884bf70d;10.15468/559yuj;;
13865;CC-BY;non;Inventaires sur le PNR ariégeois-Inventaires réalisés pour le projet de PNR d'Ariège;064a65f2-76b7-4035-bd05-83816f19148e;064a65f2-76b7-4035-bd05-83816f19148e;10.15468/gfuscy;;
13080;CC-BY;non;CardObs : Observations naturalistes issues de l'outil CardObs-Données naturalistes de Pierre HUGUENY;aec85dc0-9807-4bad-aa4e-aa1e8f0bfeeb;aec85dc0-9807-4bad-aa4e-aa1e8f0bfeeb;10.15468/w3wntg;;
12807;CC-BY;non;Atlas écologique régional des papillons de jour et zygènes (Lépidoptères) de Midi-Pyrénées-Données de l'Atlas écologique régional des papillons de jour et zygènes;cb7e5bb6-899d-4665-8825-cc83fddeb546;cb7e5bb6-899d-4665-8825-cc83fddeb546;10.15468/yw2sr2;;
12117;CC-BY;non;Import données Baznat oiseaux;;d52f20c1-ee9a-46e4-a517-32c62cc7396c;10.15468/wzd5n8;;
10680;CC-BY;non;Données d'occurrences Espèces issues de l'inventaire des ZNIEFF;f946666e-67dc-4848-9fa8-2162f3559e33;f946666e-67dc-4848-9fa8-2162f3559e33;10.15468/ikshke;;
10238;CC-BY;non;Données naturalistes opportunistes Faune-France - Données Naturalistes Faune-France 2020 Communes;;e357cdec-295a-4b91-ac7d-abf5fbbc43bb;10.15468/demggq;;
9810;CC-BY;non;Données naturalistes opportunistes Faune-France-Données Naturalistes Faune-France 2021 Communes;;256b9877-cef3-4e8e-84e1-f23299c49655;10.15468/sp9mjx;;
9364;CC-BY;non;Données piscicoles et astacicoles des cours d'eau de France métropolitaine bancarisées dans ASPE (OFB) - Données acquises selon le protocole de pêche par ambiance - ASPE - OFB;1c124078-9b39-4042-84af-b2f948dad993;1c124078-9b39-4042-84af-b2f948dad993;10.15468/qbgjt5;;
8381;CC-BY;non;Appui technique et scientifique auprès de l'Ecole d'Ingénieurs de Purpan (EIP)-Données CEN M-P EIP;335ff637-974a-40ae-a638-f8b256f835e4;335ff637-974a-40ae-a638-f8b256f835e4;10.15468/gdvjng;;
8376;CC-BY;non;Inventaire des coléoptères saproxyliques de France métropolitaine - Données SAPROX - Ecole d'ingénieur de Purpan;a1b96bad-8ef6-4fcb-9653-fb74535a97e4;a1b96bad-8ef6-4fcb-9653-fb74535a97e4;10.15468/0nhpuu;;
8270;CC-BY;non;Données naturalistes opportunistes Faune-France - Liste des espèces de la faune sauvage observées en 2019 selon le maillage communal français de la base de données naturalistes Faune-France;54594d70-93cf-4bce-8232-f257077bdcc0;54594d70-93cf-4bce-8232-f257077bdcc0;10.15468/wzbxqb;;
7353;CC-BY;non;Observations opportunistes de flore vasculaire, bryophytes, champignons et lichens-Observations opportunistes Flore, Fonge et Bryophytes des salariés et bénévoles de l'association Nature en Occitanie (ex-Nature en Midi-Pyrénées) en Midi-Pyrénées;;e1cf9737-844f-4de5-938c-04265c598542;10.15468/cdf7g3;;
7241;CC-BY;non;Autres etudes et projets menés par les CEN d'Occitanie - Données ANA - CEN Ariège sur diverses études;63966993-9ff6-47d8-b59b-152320fb5be6;63966993-9ff6-47d8-b59b-152320fb5be6;10.15468/dq6q63;;
7193;CC-BY;non;Données naturalistes opportunistes Faune-France - Liste des espèces de la faune sauvage de la base de données naturalistes Faune-France 2018.;1fec2829-4ac0-4329-b448-6f768b8d3427;1fec2829-4ac0-4329-b448-6f768b8d3427;10.15468/wkzdf4;;
6967;CC-BY;non;Données STOC-EPS;c4e76595-b467-4f88-8067-b8de661b99c5;c4e76595-b467-4f88-8067-b8de661b99c5;10.15468/ocucid;;
6477;CC-BY;non;Saisie naturaliste opportuniste dans SICEN Occitanie - Données ANA - CEN Ariège opportunistes;9496873c-3760-4f64-af01-c074d5fa312c;9496873c-3760-4f64-af01-c074d5fa312c;10.15468/ettenu;;
6012;CC-BY;non;Plan régional d’action pour la conservation des plantes messicoles et plantes remarquables des cultures, vignes et vergers en Midi-Pyrénées-Données d'inventaires et suivis des messicoles receuillies par l'ANA en Midi-Pyrénées;c7756f43-0347-434c-98fd-934c51c456d4;c7756f43-0347-434c-98fd-934c51c456d4;10.15468/2rh7z7;;
5845;CC-BY;non;Suivi d'oiseaux sauvages par marquage en France - CRBPO - Base de données de baguage et déplacements d'oiseaux de France / Bird ringing and movement database for France. Centre de Recherches sur la Biologie des Populations d'Oiseaux, Muséum National d'Histoire Naturelle, Paris, France. https://crbpo.mnhn.fr/;7d539268-815c-4ebd-bb42-70f5039d4c60;7d539268-815c-4ebd-bb42-70f5039d4c60;10.15468/yf8wjf;;
5583;CC-BY;non;Versement collectif Faune Occitanie 2020 amphibiens, reptiles, mammifères;;a67ec884-e895-4e14-a3c7-fc39795ee749;10.15468/vhzcke;;
5079;CC-BY;non;ONF - Observations et inventaires MOA ONF-ONF - Observations opportunistes et inventaires;017f23ba-bf04-4eb7-a076-04ab2e5de250;017f23ba-bf04-4eb7-a076-04ab2e5de250;10.15468/tgap4x;;
5063;CC-BY;non;Import données Baznat mam;745cabaf-11a2-44bf-bc34-dd5a8044eb69;745cabaf-11a2-44bf-bc34-dd5a8044eb69;10.15468/aru2bf;;
5029;CC-BY-NC;non;Données d'observation flore du réseau des CBN issues du système d'information de la FCBN;;d7cc19ba-7785-4131-ab63-3328a99ecfab;10.15468/6klyyk;;
4969;CC-BY;non;Import données Baznat Herpeto;bf305db3-6f8f-44df-b3b8-e7644d24daac;bf305db3-6f8f-44df-b3b8-e7644d24daac;10.15468/3r6aek;;
4916;CC-BY;non;Observations opportunistes de flore vasculaire, bryophytes, champignons et lichens-Observations Flore, Fonge et Bryophytes du CEN Midi-Pyrénées;023738a3-115f-4add-be40-20d9d28b8165;023738a3-115f-4add-be40-20d9d28b8165;10.15468/sp899f;;
4878;CC-BY;non;Import données Baznat invert;;4cb7bf6d-fb33-440c-a686-2606ef12ec07;10.15468/j4w6qu;;
4792;CC-BY;non;Données ONF faune-flore-fonge;43027054-3812-4599-b7bc-a01f1df5b071;43027054-3812-4599-b7bc-a01f1df5b071;10.15468/ykstli;;
4696;CC-BY;non;Appui technique et scientifique pour la mise en œuvre du réseau Natura 2000 en Midi-Pyrénées puis Occitanie-Inventaires réalisés par le CBNPMP pour sa mission d'appui à Natura 2000 en Midi-Pyrénées;f5e821ce-014b-43c3-b55d-a772933c8aa4;f5e821ce-014b-43c3-b55d-a772933c8aa4;10.15468/zkzty5;;
4093;CC-BY;non;Recherche et suivi de la flore rare et menacée sur le TAG du CBNPMP-Recherche et suivi de la flore rare et menacée par le CBNPMP en Occitanie;90f9536e-8f86-4fa4-acf3-b20c7e02d586;90f9536e-8f86-4fa4-acf3-b20c7e02d586;10.15468/guqt4x;;
4080;CC-BY;non;"Déterminations et observations du Forum ""Le Monde des Insectes"" (LMDI)-Données photographiques validées de la galerie du forum ""Le Monde des Insectes""";54facf62-bf0c-43e7-9972-4fdc407fa6c5;54facf62-bf0c-43e7-9972-4fdc407fa6c5;10.15468/2vjhg8;;
4037;CC-BY;non;Atlas des Orchidées de France métropolitaine (2010);92204c07-5011-47ac-82b7-4050858a9cd0;92204c07-5011-47ac-82b7-4050858a9cd0;10.15468/ml5pe4;;
3426;CC-BY;non;Expédition De Candolle-Inventaire sur le parcours pyrénéen de De Candolle;6a4d8120-5d14-4f16-805a-260122d1359c;6a4d8120-5d14-4f16-805a-260122d1359c;10.15468/uunx2g;;
3406;CC-BY;non;Rapportage 2013-2018 au titre de la directive Oiseaux - Données de synthèse Oiseaux nicheurs issues du rapportage au titre de la directive Oiseaux - période 2013-2018;008815d5-eb13-4ea2-957e-bd35e2769e66;008815d5-eb13-4ea2-957e-bd35e2769e66;10.15468/3hv86k;;
3288;CC-BY;non;Rapportage 2008-2012 au titre de la directive Oiseaux - Données de synthèse Oiseaux nicheurs issues du rapportage au titre de la directive Oiseaux - période 2008-2012;8b2a60ba-9044-4f8b-8b24-b0b243814ace;8b2a60ba-9044-4f8b-8b24-b0b243814ace;10.15468/bpry5a;;
3189;CC-BY-NC;non;Inventaire national des araignées de France métropolitaine;;38b69d98-e980-4a30-aaf7-f9616d34ae02;10.15468/hvhqtg;;
3060;CC-BY;non;CardObs : Observations naturalistes issues de l'outil CardObs - données araignées de DEJEAN Sylvain et DANFLOUS Samuel;1b8ab2fc-1b1c-4132-8142-d416ebf76d7c;1b8ab2fc-1b1c-4132-8142-d416ebf76d7c;10.15468/4refp9;;
3011;CC-BY;non;CardObs : Observations naturalistes issues de l'outil CardObs-Données naturalistes de Thomas GAILLARD;c186e534-5281-4d9e-a389-f0415aa70331;c186e534-5281-4d9e-a389-f0415aa70331;10.15468/hszqia;;
2857;CC-BY;non;Données naturalistes opportunistes Faune-France - Liste des espèces de la faune sauvage de la base de données naturalistes Faune-France 2017.;af0c7238-b6c5-4a4d-9fa7-7fb94516d0bc;af0c7238-b6c5-4a4d-9fa7-7fb94516d0bc;10.15468/unbilk;;
2734;CC-BY;non;Données de Mammifères issues de Baznat. Midi-Pyrénées - Données Mammifères Midi-Pyrénées enregistrées dans BazNat - Lot 1;d8c540f5-bb74-4748-9634-034ccd8ec52b;d8c540f5-bb74-4748-9634-034ccd8ec52b;10.15468/kyt1fi;;
2691;CC-BY;non;Plans nationaux d'Action (PNA)-Données PNA CEN M-P;5d3fc63a-e3b4-4b8b-8cc2-4b5f0dbdddbe;5d3fc63a-e3b4-4b8b-8cc2-4b5f0dbdddbe;10.15468/4g7r93;;
2607;CC-BY;non;Activité générale du bureau d'étude BIOTOPE (1994 - 2013) - Données acquises dans le cadre de l'activité du bureau d'étude BIOTOPE (1994 - 2013);;6f0b28dc-60cf-4378-b0c4-c6c6979ffcbc;10.15468/d3mzxf;;
2423;CC-BY;non;ASFRA - Jeu de donnée de synthèse de l'Atlas des araignées de France métropolitaine;69718e2b-3e1f-4d84-9215-e575160daf26;69718e2b-3e1f-4d84-9215-e575160daf26;10.15468/bxa2dq;;
2392;CC-BY;non;Appui technique et scientifique à la mise en œuvre de la MAET Herb07 zones humides-Inventaires du CBNPMP dans le cadre du Concours Prairies fleuries en Midi-Pyrénées;6d008445-5195-4797-9c26-595e0f2c989f;6d008445-5195-4797-9c26-595e0f2c989f;10.15468/cjtdkh;;
2320;CC-BY;non;Evaluation des enjeux de biodiversité (flore, fonge, végétations) sur six territoires pilotes de Midi-Pyrénées et restitution aux acteurs du territoire-Relevés phytosiociologiques sur les sites pilotes;04515df8-66dc-4495-8121-cd1b2c21b85d;04515df8-66dc-4495-8121-cd1b2c21b85d;10.15468/xpse2z;;
2125;CC-BY;non;Inventaire des coléoptères saproxyliques de France métropolitaine - Données protocolées et non protocolées de Coléoptères issues des des differents projets de recherche de l'INRAe (ex. CEMAGREFF - IRSTEA);fb34f33e-3ff3-4dec-83d9-40ea0ab6cc92;fb34f33e-3ff3-4dec-83d9-40ea0ab6cc92;10.15468/zmwmmp;;
2117;CC-BY;non;Saisie naturaliste opportuniste dans SICEN Occitanie-Données opportunistes du CEN Occitanie;95a64dba-14ca-4518-9031-da2b52b2247e;95a64dba-14ca-4518-9031-da2b52b2247e;10.15468/yw9h55;;
2084;CC-BY;non;Observatoire de la Biodiversité des Jardins (OBJ)-Données Observatoire des Papillons des Jardins;fe99edff-54d8-43b9-a25d-57964403efa6;fe99edff-54d8-43b9-a25d-57964403efa6;10.15468/wqxpk7;;
2011;CC-BY;non;Inventaires menés dans le cadre du Groupe Invertébrés de Midi-Pyrénées (GIMP)-Données invertébrés en Midi-Pyrénées;bab75746-e8e5-4c72-a7e8-c509cb10392a;bab75746-e8e5-4c72-a7e8-c509cb10392a;10.15468/5bqura;;
1944;CC-BY;non;Données NEO-Observations NEO (saisies avec l'outil géonature OccTax);;23e8afeb-7655-421d-a4a5-ee562e88a475;10.15468/cmafad;;
1799;CC-BY;non;Oiseaux de France métropolitaine en hiver 1977-1981;28c7cc8e-3163-4c3d-ab4e-31ebd28b068d;28c7cc8e-3163-4c3d-ab4e-31ebd28b068d;10.15468/n4aorv;;
1778;CC-BY;non;Inventaire des oiseaux nicheurs de France métropolitaine 2009-2012 - Oiseaux nicheurs de France métropolitaine 2009-2012 - Nidification probable;a71c4bb7-139e-4603-aa37-46c5dbcdf17e;a71c4bb7-139e-4603-aa37-46c5dbcdf17e;10.15468/ofbh6l;;
1759;CC-BY;non;Programme d'observation naturaliste participative avec l'application mobile INPN Espèces - Application INPN Espèces: Observations naturalistes, participatives et opportunistes, fondées sur des photographies;;7247dc2e-b862-4555-b533-7701d183271b;10.15468/2wgzwe;;
1714;CC-BY;non;Inventaire des Mammifères de France - Atlas des ongulés et Lagomorphes de France (Métropole et outre-mer). 2000-2020.;;b47ed41a-b9a4-4108-bdb3-5a61afdf1756;10.15468/dwnptk;;
1665;CC-BY;non;Inventaires du CBNPMP dans le cadre de CARHAB;9cef136b-b61b-41e4-8b37-fce09d9b7c3a;9cef136b-b61b-41e4-8b37-fce09d9b7c3a;10.15468/y676j4;;
1597;CC-BY;non;Suivi Photographique des Insectes Pollinisateurs (SPIPOLL);0797c245-3f7f-42db-b822-550a36b2a922;0797c245-3f7f-42db-b822-550a36b2a922;10.15468/ux80es;;
1553;CC-BY;non;Atlas des Orthoptères et Mantides de France métropolitaine;d9e6df9f-4d2f-4450-b730-e9070e9fab06;d9e6df9f-4d2f-4450-b730-e9070e9fab06;10.15468/rcngrt;;
1529;CC-BY;non;CardObs : Observations naturalistes issues de l'outil CardObs-Données naturalistes de SANNIER David;4f98649c-91c6-464a-8d4d-b7489111e7cd;4f98649c-91c6-464a-8d4d-b7489111e7cd;10.15468/qxvpxk;;
1522;CC-BY;non;Inventaires piscicoles réalisés par les Fédérations de Pêche hors étude et suivi fédéral-Autres données poissons et écrevisses;3ec2d8c8-abba-48f3-aa80-152cfd0463d9;3ec2d8c8-abba-48f3-aa80-152cfd0463d9;10.15468/dqp7h9;;
1486;CC-BY;non;Programmes de connaissance sur les milieux secs d'Occitanie-Données CEN M-P Milieux secs;444d29d0-e07f-4f45-b542-11976b06b3e0;444d29d0-e07f-4f45-b542-11976b06b3e0;10.15468/fk9g6z;;
1479;CC-BY;non;Gestion de sites - Données ANA - CEN Ariège sur la gestion conservatoire (occurences de taxons);588421ef-1a01-42af-9336-d7e648cc73c2;588421ef-1a01-42af-9336-d7e648cc73c2;10.15468/h3x2xw;;
1462;CC-BY;non;Cadre d'acquisition par defaut sans organisme-Contact aléatoire tout règnes confondus, jdd accessible par tous;;ce60e755-5ddb-4de2-875b-3e4326b858cb;10.15468/v3x5mr;;
1374;CC-BY;non;Données Birdlab;43408d27-f127-490c-a15f-477acd24714e;43408d27-f127-490c-a15f-477acd24714e;10.15468/9ep9wq;;
1359;CC-BY;non;Inventaire des oiseaux nicheurs de France métropolitaine 2009-2012 - Oiseaux nicheurs de France métropolitaine 2009-2012 - Nidification certaine;5d467c2a-b758-4005-bd0e-9f76fdb4effa;5d467c2a-b758-4005-bd0e-9f76fdb4effa;10.15468/rj8qkw;;
1290;CC-BY;non;Données de l'atlas des Mammifères sauvages de Midi-Pyrénées (données agrégées à la maille de 10km);c50e8f9e-a554-4e94-a015-bc1e8556a56e;c50e8f9e-a554-4e94-a015-bc1e8556a56e;10.15468/hrpnub;;
1238;CC-BY;non;Système d’évaluation de l’état des Eaux (SEEE) - Données hydrobiologiques sur l'état des eaux de surface - Système d’évaluation de l’état des Eaux (SEEE) - Invertébrés;d9f7b2f6-03b3-4cd3-817b-c61949d79b1d;d9f7b2f6-03b3-4cd3-817b-c61949d79b1d;10.15468/qnez2y;;
1204;CC-BY;non;Projet de renouvellement de l'autorisation d'exploiter la carrière de talc de Trimouns, implantée sur le territoire des communes de Bestiac, Lordat, Montségur et Vernaux (09) - Données naturalistes CBE SARL - Carrière Imérys Talc Luzenac;;f82b3200-8e1e-4545-a257-0b12abea6b92;10.15468/crfb75;;
1197;CC-BY;non;CardObs : Observations naturalistes issues de l'outil CardObs-Données naturalistes de PARADIS Anne-Hélène;c9147f19-8032-48df-8dfc-ee9571956634;c9147f19-8032-48df-8dfc-ee9571956634;10.15468/tntdts;;
1176;CC-BY;non;Données Vigie-Flore;662a5899-42ba-4ca3-b075-c51d45516ba1;662a5899-42ba-4ca3-b075-c51d45516ba1;10.15468/ac5nev;;
1169;CC-BY;non;Rapportage 2001-2006 au titre de la directive Habitats-Faune-Flore - Données de synthèse Espèces issues du rapportage au titre de la directive Habitats - période 2001-2006;33572c56-7266-4705-83df-614a94b37606;33572c56-7266-4705-83df-614a94b37606;10.15468/j4mp83;;
1126;CC-BY;non;Liste rouge des Odonates de France-Liste rouge des Odonates de métropole 2016;ae4b9b5c-3395-41f1-8209-5cd4ca778718;ae4b9b5c-3395-41f1-8209-5cd4ca778718;10.15468/ut6fb4;;
1116;CC-BY;non;Marchés de prestations intellectuelles (PI)-Données invertébrés ANA - CENMP;9939e23d-0e4b-4301-a973-481e4aeef437;9939e23d-0e4b-4301-a973-481e4aeef437;10.15468/ws6hf2;;
1101;CC-BY;non;Rapportage 2007-2012 au titre de la directive Habitats-Faune-Flore - Données de synthèse Espèces issues du rapportage au titre de la directive Habitats - période 2007-2012;96a521af-58d0-4913-8b14-8a5d900c3c0d;96a521af-58d0-4913-8b14-8a5d900c3c0d;10.15468/tugutg;;
996;CC-BY;non;Dreal Occitanie- Base Biodiv SINP - Données faune pour le rapportage européen DHFF-DO 2018;29cd9f29-7c76-4e6b-a8b8-78d91eaf49bf;29cd9f29-7c76-4e6b-a8b8-78d91eaf49bf;10.15468/vn42mk;;
993;CC-BY;non;Rapportage 2013-2018 au titre de la directive Habitats-Faune-Flore - Données de synthèse Espèces issues du rapportage au titre de la directive Habitats - période 2013-2018;12f7588e-f812-4da0-85e9-05f655fa538a;12f7588e-f812-4da0-85e9-05f655fa538a;10.15468/ubgty4;;
981;CC-BY;non;Inventaires naturalistes et gestion des espaces naturels du foncier privé d'EDF-Données CEN M-P - EDF;e3ac24e2-43d2-46c3-9304-822af944447d;e3ac24e2-43d2-46c3-9304-822af944447d;10.15468/uupmcn;;
917;CC-BY;non;Bibliographie de la faune, la flore et la fonge de France métropolitaine et outre-mer-Bibliographique de la faune, la flore et la fonge de France métropolitaine et outre-mer;d18935d7-260c-4633-af39-7eb7ee6f1e14;d18935d7-260c-4633-af39-7eb7ee6f1e14;10.15468/cthncb;;
901;CC-BY;non;Programmes de connaissance sur les milieux secs d'Occitanie-Inventaires du CBNPMP sur les pelouses sèches en Midi-Pyrénées;b6bfa037-6c6b-4a9f-955b-16c360228a94;b6bfa037-6c6b-4a9f-955b-16c360228a94;10.15468/jfw9v4;;
893;CC-BY;non;Fichier communal des ongulés;2c4fc27a-8868-4e95-b02d-86302e4ece38;2c4fc27a-8868-4e95-b02d-86302e4ece38;10.15468/sfc7ee;;
878;CC-BY;non;ECTOPYR-Données Natrix maura et Podarcis muralis 03/2020;;880475ad-12a2-4a03-b69b-d5beb6b031cd;10.15468/km649p;;
865;CC-BY;non;Plan régional d’action pour la conservation des plantes messicoles et plantes remarquables des cultures, vignes et vergers en Midi-Pyrénées-Données d'inventaires et suivis des messicoles receuillies par le PNR PA en Midi-Pyrénées;;11b34dde-f473-47c9-8721-67da197c33cf;10.15468/4pmnxw;;
857;CC-BY;non;Partenariats avec les Parcs Naturels Régionaux-Données CEN M-P partenariats PNR;7a56699d-cb2a-4718-8bf7-b1d4860dc101;7a56699d-cb2a-4718-8bf7-b1d4860dc101;10.15468/5b53rw;;
827;CC-BY;non;Inventaire des Messicoles - Inventaire Messicoles (FCBN);c0dd99c3-fa06-499c-949e-aa44d42f2f16;c0dd99c3-fa06-499c-949e-aa44d42f2f16;10.15468/nxikmj;;
777;CC-BY;non;Expertise dans le cadre d'une sollicitation liée à une étude d'impact - Données ANA - CEN Ariège sur les études d'impact;e24e974d-eac5-430a-bd9b-d9ba1edec1a9;e24e974d-eac5-430a-bd9b-d9ba1edec1a9;10.15468/jjyp94;;
767;CC-BY;non;Appui technique et scientifique pour la mise en œuvre du réseau Natura 2000 en Midi-Pyrénées puis Occitanie-Inventaires réalisés par les opérateurs Natura 2000 dans le cadre des DOCOB en Midi-Pyrénées;5efa19ad-0ca2-4af5-a2d4-7f7c42dc880c;5efa19ad-0ca2-4af5-a2d4-7f7c42dc880c;10.15468/mprtds;;
707;CC-BY;non;Données de Mammifères issues de Baznat. Midi-Pyrénées - Données mammifères Midi-Pyrénées enregistrées dans BazNat - Lot 2;eabe9306-fd68-4140-83fc-554da92e6268;eabe9306-fd68-4140-83fc-554da92e6268;10.15468/nwf4qc;;
670;CC-BY;non;Système d’évaluation de l’état des Eaux (SEEE) - Données hydrobiologiques sur l'état des eaux de surface - Système d’évaluation de l’état des Eaux (SEEE) - Diatomées;fb5bea36-859e-47f1-995d-ee8962d96f41;fb5bea36-859e-47f1-995d-ee8962d96f41;10.15468/160k4z;;
655;CC-BY;non;CardObs : Observations naturalistes issues de l'outil CardObs-Données naturalistes de DUSOULIER François;0c7bfc03-a631-46b1-a451-26c8e01bbf66;0c7bfc03-a631-46b1-a451-26c8e01bbf66;10.15468/vfew3b;;
650;CC-BY;non;CS du Breuil Haut - Roumengoux;;72169601-68ca-4832-9039-b0224984dc08;10.15468/38824r;;
638;CC-BY;non;Programmes de connaissance sur les communautés d'invertébrés en Occitanie - Données invertébrés produites par l'OPIE;;7744d8ba-6437-48f7-8f62-2e3e1b0f99fe;10.15468/ukknfz;;
609;CC-BY;non;Amélioration de la connaissance de la flore, la fonge et les habitats naturels sur le territoire de la « plaine » de Midi-Pyrénées-Recherche de taxons rares ou menacées de plantes vasculaires sur le secteur de plaine de Midi-Pyrénées;60353baa-73d0-49ed-acdd-026fd4a78bdc;60353baa-73d0-49ed-acdd-026fd4a78bdc;10.15468/9z7atn;;
604;CC-BY;non;CardObs : Observations naturalistes issues de l'outil CardObs-Données bibliographiques AsFrA;7e3d3488-8380-41c8-a6aa-b60b8da8c86d;7e3d3488-8380-41c8-a6aa-b60b8da8c86d;10.15468/8vkih8;;
571;CC-BY;non;Inventaire des mammifères de France métropolitaine;e7c5a179-b6d7-497e-8fb9-41e0ef1bb21e;e7c5a179-b6d7-497e-8fb9-41e0ef1bb21e;10.15468/obn7xm;;
570;CC-BY;non;Programmes d'Atlas de la biodiversité communale (ABC) - Données ANA - CEN Ariège sur les ABC;ab8d549a-8f56-4b4a-83a6-4f618e15bd85;ab8d549a-8f56-4b4a-83a6-4f618e15bd85;10.15468/ctj3wc;;
568;CC-BY;non;Inventaire des Coléoptères cavernicoles des Pyrénées;7d5170c5-0d99-4f43-8f9c-bd18eb5ef7b5;7d5170c5-0d99-4f43-8f9c-bd18eb5ef7b5;10.15468/dwyyba;;
565;CC-BY;non;Plans régionaux d'Action (PRA) - Données ANA - CEN Ariège sur les PRA;8e59891f-400d-41a7-84b4-720fdaa4fe26;8e59891f-400d-41a7-84b4-720fdaa4fe26;10.15468/4bavk8;;
564;CC-BY;non;CardObs : Observations naturalistes issues de l'outil CardObs-Données naturalistes de PONCET Rémy;b99d0a5a-c490-4840-a786-aa27b05cc49b;b99d0a5a-c490-4840-a786-aa27b05cc49b;10.15468/yiechq;;
548;CC-BY;non;Programmes de connaissance sur les communautés d'invertébrés en Occitanie-Données invertébrés produites par le bureau d'études Nymphalis;;c7043d67-4bad-475f-b525-a279e01b4ad9;10.15468/4dakw3;;
548;CC-BY;non;CardObs : Observations naturalistes issues de l'outil CardObs-Données naturalistes de D'ONOFRIO Patrice;d1620235-125b-45c1-903c-4951428c27a8;d1620235-125b-45c1-903c-4951428c27a8;10.15468/jfptfs;;
540;CC-BY;non;Percnoptère suivi Sabart-Observations naturalistes Percnoptère Sabart;03afcbff-4e77-42ea-b2e5-ef2f5b024ed2;03afcbff-4e77-42ea-b2e5-ef2f5b024ed2;10.15468/w6z5k2;;
534;CC-BY-NC;non;CRBPO : STOC, Baguage;;ab47c4a9-4b6a-4d59-b846-899d9420f7d3;10.15468/8qybjd;;
523;CC-BY;non;Inventaires et expertise auprès de propriétaires privés-Données CEN M-P inventaires naturalistes foncier privé;0d7595fb-4554-4cd5-9a78-3c7bb8500aca;0d7595fb-4554-4cd5-9a78-3c7bb8500aca;10.15468/ts3fps;;
499;CC-BY;non;Données Nymphalis-Export nymphalis 22 06 2022;;7e2b49cf-cd33-4b1a-acda-7a628165e31c;10.15468/8kg37m;;
493;CC-BY;non;CardObs : Observations naturalistes issues de l'outil CardObs-Cryptogamers données de Rémy Poncet;06499f3c-2e12-4388-8b92-58b1b1c63a4d;06499f3c-2e12-4388-8b92-58b1b1c63a4d;10.15468/k6ntzx;;
492;CC-BY;non;Atlas des oiseaux nicheurs de France réalisés par carte IGN50 - Oiseaux nicheurs de France métropolitaine 1985-1989 - nidification certaine;f1566792-b416-4692-a09c-7e8aa8d17be6;f1566792-b416-4692-a09c-7e8aa8d17be6;10.15468/shgjcz;;
489;CC-BY;non;Atlas des poissons d'eau douce de France métropolitaine (2001);8256af7b-37fc-4fe7-99bc-d4454c379374;8256af7b-37fc-4fe7-99bc-d4454c379374;10.15468/zbshzy;;
481;CC-BY;non;Livre rouge de la flore menacée de France (tomes I et II) - (FCBN);41e8840e-57eb-40d4-a1ac-cfda408bc871;41e8840e-57eb-40d4-a1ac-cfda408bc871;10.15468/sgoi2p;;
477;CC-BY;non;Amélioration de la connaissance de la flore, la fonge et les habitats naturels et évaluation des grands corridors alluviaux de la sous-trame milieux humides et les grandes aires urbaines de Midi-Pyrénées.-Relevés phytosiociologiques ciblés sur les végétations aquatiques et riveraines;bcbbfd4a-3aa7-4579-87d1-f44683cdb8a1;bcbbfd4a-3aa7-4579-87d1-f44683cdb8a1;10.15468/jmfvbr;;
461;CC-BY;non;Inventaire des coléoptères saproxyliques de France métropolitaine - Inventaire des coléoptères saproxyliques du département de la Santé des Forêts;b0dd9739-9cfa-4ee4-8e17-358c9e6a46f8;b0dd9739-9cfa-4ee4-8e17-358c9e6a46f8;10.15468/qrwwr8;;
455;CC-BY;non;Plan d'action sur les plantes exotiques envahissantes en Midi-Pyrénées-Observations de plantes exotiques envahissantes réalisées par le CBNPMP;dc6c4401-8116-4d75-9cde-000f315e39e8;dc6c4401-8116-4d75-9cde-000f315e39e8;10.15468/skrydr;;
451;CC-BY;non;Bases de données historiques et jeux de données (sans métadonnées associées) moissonnés dans le cadre du SINP-Données de Barbanson du 26 11 2020;;b53755ac-0f09-47d5-9845-1d304a4583c6;10.15468/3wc4q4;;
436;CC-BY;non;CardObs : Observations naturalistes issues de l'outil CardObs-Données naturalistes de ROMET Nicolas;905f00be-866c-4c60-920a-3056349df52e;905f00be-866c-4c60-920a-3056349df52e;10.15468/qtt1ke;;
430;CC-BY;non;Conventions de partenariat sur les terrains militaires d'Occitanie-Données convention de gestion CEN MP - autorités du camp militaire (1er RCP de Pamiers);1afb0f67-fa9c-44a0-bd55-51d1da125d0f;1afb0f67-fa9c-44a0-bd55-51d1da125d0f;10.15468/gxwagu;;
423;CC-BY;non;Inventaire des coléoptères saproxyliques de France métropolitaine-Données Entomologiques A. HORELLOU 1988-2022;4e0ae4ef-4f11-4cfe-9f3a-3c8a2465d205;4e0ae4ef-4f11-4cfe-9f3a-3c8a2465d205;10.15468/mpnceb;;
423;CC-BY;non;Répartition de différentes espèces de petits et méso carnivores en France (ONCFS et coll.);675193f9-39e4-4ea1-ab88-d626da2d7a99;675193f9-39e4-4ea1-ab88-d626da2d7a99;10.15468/tc93zr;;
417;CC-BY;non;Amélioration de la connaissance de la flore, la fonge et les habitats naturels sur le territoire de la « plaine » de Midi-Pyrénées-Inventaire des végétations et habitats péri-aquatiques dans le secteur de plaine de Midi-Pyrénées par le CBNPMP;a2b21b3c-c318-4f03-99cc-a570f2b256e2;a2b21b3c-c318-4f03-99cc-a570f2b256e2;10.15468/htspq6;;
409;CC-BY;non;Cadre d'acquisition personnel de Delmas Claudine-Jeu de données personnel de Delmas Claudine;be15fac0-1fd8-4b7b-93df-3b9f81748850;be15fac0-1fd8-4b7b-93df-3b9f81748850;10.15468/zxgmde;;
405;CC-BY;non;Actions Natura 2000 - Données ANA - CEN Ariège sur Natura 2000;99e577d8-9639-441a-a554-3de59f0d3aab;99e577d8-9639-441a-a554-3de59f0d3aab;10.15468/xyac2r;;
388;CC-BY;non;Parc photovoltaïque de Montaut - PV Montaut faune flore 2019;;d6b74c76-20d4-4937-adf5-67fdab48f4bb;10.15468/e34pwv;;
385;CC-BY;non;Données herpétologiques SINP pour la région Occitanie-données bénévoles opportunistes amphibiens reptiles de l’EPHE-BEV;;4be5c8b9-50e4-4b70-8c9e-691ab741922a;10.15468/pspcut;;
375;CC-BY;non;Expertise IQE du Golf de l'Ariège en 2021 - Donnees espèces - Expertise IQE Golf de l'Ariège 2021;;19efbb21-3d68-4cbf-8bf8-adab88b72ab1;10.15468/4kr84z;;
374;CC-BY;non;6 - Inventaire général de la flore vasculaire et de la fonge sur le TAG du CBNMed-Divers jeux de données floristiques produits par le réseau des botanistes amateurs dans les départements du 06, 11, 13, 30, 34, 48, 66, 83, 84;557f6b7a-7d57-48e7-8648-804657aa30e3;557f6b7a-7d57-48e7-8648-804657aa30e3;10.15468/jaqe28;;
370;CC-BY;non;Plan régional d’action pour la conservation des plantes messicoles et plantes remarquables des cultures, vignes et vergers en Midi-Pyrénées-Données d'inventaires et suivis des messicoles receuillies par le CBNPMP en Midi-Pyrénées;d406d331-d810-464a-af52-3154433dd8bc;d406d331-d810-464a-af52-3154433dd8bc;10.15468/cambpp;;
355;CC-BY;non;CardObs : Observations naturalistes issues de l'outil CardObs-Données naturalistes de POIREL Alain;006ba26a-d903-4621-be54-8965211abd7e;006ba26a-d903-4621-be54-8965211abd7e;10.15468/vgqtzv;;
342;CC-BY;non;Flore des Pyrénées;d8dbe442-093d-4fea-9fbb-d92cd12202f8;d8dbe442-093d-4fea-9fbb-d92cd12202f8;10.15468/vyh3vf;;
339;CC-BY;non;Amélioration de la connaissance de la flore, la fonge et les habitats naturels et évaluation des grands corridors alluviaux de la sous-trame milieux humides et les grandes aires urbaines de Midi-Pyrénées.-Recherche de taxons rares ou menacées de plantes vasculaires de la sous-trame milieux humides de Midi-Pyrénées;2bcde163-40c8-4942-94fa-a32e11c61d4b;2bcde163-40c8-4942-94fa-a32e11c61d4b;10.15468/kzsza7;;
336;CC-BY;non;Inventaire des oiseaux nicheurs de France métropolitaine 2009-2012 - Oiseaux nicheurs de France métropolitaine 2009-2012 - Nidification possible;93773ae8-f7c4-44b3-8793-761bb0561050;93773ae8-f7c4-44b3-8793-761bb0561050;10.15468/4ldbjm;;
325;CC-BY;non;Programmes de connaissance sur les communautés d'invertébrés en Occitanie-Données invertébrés produites par le bureau d'études BIOTOPE;;9a116e66-bf27-4424-99b6-57a106160437;10.15468/aqqxhh;;
319;CC-BY;non;Données flore dans le cadre du programme européen FLORAPYR dans les Pyrénées occidentales et centrales;67307948-6453-4e64-80ad-3f8cfee1d1fd;67307948-6453-4e64-80ad-3f8cfee1d1fd;10.15468/ja47eb;;
313;CC-BY;non;CardObs : Observations naturalistes issues de l'outil CardObs-Observations naturalistes d'Hervé BRUSTEL;0f223a99-0331-4410-bd97-5472b2e457ec;0f223a99-0331-4410-bd97-5472b2e457ec;10.15468/74hyug;;
309;CC-BY;non;Projet canalisation gazière Laurabuc-Verniolle - Inventaires Faune-Flore Laurabuc-Verniolle (09);ea9466c0-b19b-452a-982f-6c9063a51d00;ea9466c0-b19b-452a-982f-6c9063a51d00;10.15468/x9m22h;;
301;CC-BY;non;Programmes de connaissance sur les zones humides d'Occitanie - Données ANA - CEN Ariège sur les zones humides (occurences de taxons);4bbc00b3-86ab-4d4b-aee2-398059257199;4bbc00b3-86ab-4d4b-aee2-398059257199;10.15468/5sjqrc;;
282;CC-BY;non;Inventaires et expertise auprès de propriétaires privés - Données ANA - CEN Ariège sur les inventaires effectués auprès de propriétaires privés;890f08d6-de4e-4331-acab-2ff21e0fefd2;890f08d6-de4e-4331-acab-2ff21e0fefd2;10.15468/fnjhp7;;
281;CC-BY;non;CardObs : Observations naturalistes issues de l'outil CardObs-Opilions de France métropolitaine EI;5a6c9274-419b-48cd-b277-1a6a865f465b;5a6c9274-419b-48cd-b277-1a6a865f465b;10.15468/hktgef;;
280;CC-BY;non;Atlas des poissons d'eau douce de France métropolitaine (2011);b9e8d4f9-7ca5-4990-9e89-c4582cd73572;b9e8d4f9-7ca5-4990-9e89-c4582cd73572;10.15468/0ag9e1;;
280;CC-BY;non;Suivi Temporel des Libellules (STELI);c709bf36-4964-4771-90f0-c6ba4b351620;c709bf36-4964-4771-90f0-c6ba4b351620;10.15468/l6i1ap;;
273;CC-BY;non;CardObs : Observations naturalistes issues de l'outil CardObs-Données naturalistes de SWIFT Olivier;4f0a9cb0-0079-4b22-b1fe-359b7e71a36a;4f0a9cb0-0079-4b22-b1fe-359b7e71a36a;10.15468/wsyd2b;;
271;CC-BY;non;Inventaire des oiseaux de France métropolitaine, présence hivernale, 2009-2013 - Oiseaux de France métropolitaine 2009-2013 en période hivernale;f5e9bf91-d834-49ed-a58a-78b9cb952b35;f5e9bf91-d834-49ed-a58a-78b9cb952b35;10.15468/tvjiql;;
270;CC-BY;non;Inventaire des coléoptères saproxyliques de France métropolitaine - Collection de longicornes et autres coléoptères saproxyliques d'Hervé BRUSTEL;10f2c4ee-4b24-40e9-886b-d7d0067f8c14;10f2c4ee-4b24-40e9-886b-d7d0067f8c14;10.15468/zqemad;;
265;CC-BY;non;Insectes Coléoptères Scarabéidés Laparosticti de France métropolitaine (enquête 2);7126858d-9bfc-4097-b42d-c3b6e20a74ff;7126858d-9bfc-4097-b42d-c3b6e20a74ff;10.15468/1gcs1f;;
264;CC-BY;non;Insectes Coléoptères Scarabéidés Laparosticti de France métropolitaine (enquête 1);a5f073d3-2a88-4fe0-bdcb-e332397b4b6a;a5f073d3-2a88-4fe0-bdcb-e332397b4b6a;10.15468/xy3e1b;;
259;CC-BY;non;Appui technique et scientifique à la mise en œuvre de la MAET Herb07 zones humides-Inventaires réalisées par le CBNPMP dans le cadre de l'appui à la MAET HERB07 en Midi-Pyrénées;3110afa9-7f2e-4f60-a488-7e21b15f9c3e;3110afa9-7f2e-4f60-a488-7e21b15f9c3e;10.15468/8g2kdp;;
253;CC-BY;non;Comptages Wetlands, dénombrements des oiseaux d'eau à la mi-janvier en France métropolitaine-Comptages Wetlands, dénombrements des Oiseaux d'eau à la mi-janvier en France métropolitaine;40e69efe-e113-4eea-9363-0a8eec54cf38;40e69efe-e113-4eea-9363-0a8eec54cf38;10.15468/auo1jt;;
251;CC-BY;non;Programmes de connaissance sur les forêts d'Occitanie-Données vieilles forêts;0f3146f2-6d77-4330-96ee-38e2f0949150;0f3146f2-6d77-4330-96ee-38e2f0949150;10.15468/8ykamg;;
245;CC-BY;non;Atlas des oiseaux nicheurs de France réalisés par carte IGN50 - Oiseaux nicheurs de France métropolitaine 1970-1975 - nidification certaine;040d0116-7d19-45bc-8fe5-3f24b5965748;040d0116-7d19-45bc-8fe5-3f24b5965748;10.15468/yndnm9;;
245;CC-BY;non;Données d'occurrences issues des Formulaires standards de données des sites Natura 2000 - Données d'occurrence Espèces issues de la base Natura 2000 : espèces d'intérêt communautaire et autres espèces remarquables renseignées dans les FSD;6cbf7d4d-13cb-4604-8668-db68fe753349;6cbf7d4d-13cb-4604-8668-db68fe753349;10.15468/g2ptuw;;
238;CC-BY;non;CardObs : Observations naturalistes issues de l'outil CardObs-Données naturalistes de Jean-Michel BICHAIN;0375fd40-83ee-439a-8ad9-62375d769ac9;0375fd40-83ee-439a-8ad9-62375d769ac9;10.15468/ebsrwd;;
237;CC-BY;non;CardObs : Observations naturalistes issues de l'outil CardObs-Données naturalistes de IORIO Etienne;1b4071af-2811-44a9-95ea-9067c74f2430;1b4071af-2811-44a9-95ea-9067c74f2430;10.15468/n2kx7u;;
237;CC-BY;non;Atlas des papillons de jour et des libellules du Languedoc-Roussillon-Données CEN L-R papillons/libellule;73bf14dd-2893-44d0-ab5c-fc4399fe3db7;73bf14dd-2893-44d0-ab5c-fc4399fe3db7;10.15468/u8js9d;;
235;CC-BY;non;CardObs : Observations naturalistes issues de l'outil CardObs-Données arachnologiques de OGER Pierre;8226fe1c-2f7e-49f7-835c-ec01fc7e988b;8226fe1c-2f7e-49f7-835c-ec01fc7e988b;10.15468/6szze7;;
232;CC-BY;non;CardObs : Observations naturalistes issues de l'outil CardObs-Données naturalistes de Bruno OGER;87603385-f33f-4577-8e50-ab67f36faa35;87603385-f33f-4577-8e50-ab67f36faa35;10.15468/60w5eu;;
231;CC-BY;non;CardObs : Observations naturalistes issues de l'outil CardObs-Etude RTE-PNR Saint-Paul-de-Jarrat 2022;c9c3a4b5-5ffb-435b-aa71-b04b91d656f5;c9c3a4b5-5ffb-435b-aa71-b04b91d656f5;10.15468/pt5nbg;;
228;CC-BY;non;Amélioration de la connaissance de la flore, la fonge et les habitats naturels sur le territoire de la « plaine » de Midi-Pyrénées-Inventaires bryologiques du CBNPMP sur le secteur de plaine de Midi-Pyrénées;93f66e52-0e80-4d7b-b2bd-888a22bd699e;93f66e52-0e80-4d7b-b2bd-888a22bd699e;10.15468/dxsagm;;
228;CC-BY;non;Amphibiens et Reptiles de France (Enquête 2);a9f7dd79-e368-46be-a774-a9eabf2d191a;a9f7dd79-e368-46be-a774-a9eabf2d191a;10.15468/elzxna;;
209;CC-BY;non;Atlas des oiseaux nicheurs de France réalisés par carte IGN50 - Oiseaux nicheurs de France métropolitaine 1970-1975 - nidification probable;32219fa0-4b5f-4f3f-b119-5923d6995b3a;32219fa0-4b5f-4f3f-b119-5923d6995b3a;10.15468/ccpz2c;;
204;CC-BY;non;Cadre d'acquisition personnel de Gadach Romain-Jeu de données personnel de Gadach Romain;;442bac3b-9136-436b-a034-e07da11aafce;10.15468/a97puv;;
204;CC-BY;non;CardObs : Observations naturalistes issues de l'outil CardObs-Données naturalistes de SERVIENTIS Nils;fa33724b-11cf-4242-8f7c-103467ac5324;fa33724b-11cf-4242-8f7c-103467ac5324;10.15468/4hdfje;;
199;CC-BY;non;Bibliographie de la faune, la flore et la fonge de France métropolitaine et outre-mer-Bulletin de la société entomologique de France [1896- ];ad4d7478-1789-4291-955c-b30cc889365b;ad4d7478-1789-4291-955c-b30cc889365b;10.15468/gabzv0;;
188;CC-BY;non;Dépouillements d'herbiers du CBNPMP-Dépouillements d'herbiers réalisées par le CBNPMP;0e2a9f6f-f644-4363-8e06-585cf941d161;0e2a9f6f-f644-4363-8e06-585cf941d161;10.15468/xu44s4;;
186;CC-BY;non;CardObs : Observations naturalistes issues de l'outil CardObs-Données naturalistes de DUPUY Hélène;d5c08534-6b78-4db2-89e3-984876d86041;d5c08534-6b78-4db2-89e3-984876d86041;10.15468/kw9fc2;;
186;CC-BY;non;CardObs : Observations naturalistes issues de l'outil CardObs-Données naturalistes de Arnaud HORELLOU;d8ad40fb-908b-462c-a21c-88fecad83389;d8ad40fb-908b-462c-a21c-88fecad83389;10.15468/lj7ai4;;
185;CC-BY;non;Saisie naturaliste opportuniste dans SICEN Occitanie-Données opportunistes du CEN Languedoc-Roussillon;7d95137d-4dbe-41ff-9569-a890c84abd6b;7d95137d-4dbe-41ff-9569-a890c84abd6b;10.15468/t5dd6z;;
184;CC-BY;non;Fourmis de France métropolitaine : données AntArea;17167110-dddf-4c70-adde-2ecc46829521;17167110-dddf-4c70-adde-2ecc46829521;10.15468/m2vuje;;
181;CC-BY;non;Centrale solaire de Lédar-Centrale solaire de lédar;;889d81df-8d7d-48d5-aa04-df28176e07e2;10.15468/q7hx3n;;
178;CC-BY;non;CardObs : Observations naturalistes issues de l'outil CardObs-Données naturalistes d'Alain CANARD;b33ce172-d55a-449f-ae8c-63bd94ebee63;b33ce172-d55a-449f-ae8c-63bd94ebee63;10.15468/bierh1;;
178;CC-BY;non;Inventaire des coléoptères saproxyliques de France métropolitaine-Données entomologiques Bruno Mériguet dans le cadre des études réalisées par l'OPIE et à titre personnel;d539970d-fa08-41c5-8951-0b3e8b94d287;d539970d-fa08-41c5-8951-0b3e8b94d287;10.15468/veen3z;;
175;CC-BY;non;Plan régional d’action pour la conservation des plantes messicoles et plantes remarquables des cultures, vignes et vergers en Midi-Pyrénées-Données d'inventaires et suivis des messicoles receuillies par NMP en Midi-Pyrénées;;428a4fac-d9da-4f69-ac3e-57f935c5bfc6;10.15468/tghmb9;;
165;CC-BY;non;CardObs : Observations naturalistes issues de l'outil CardObs-Données naturalistes des correspondants d'Olivier ESCUDER;83687bf8-b312-4041-a4de-7c18056d963c;83687bf8-b312-4041-a4de-7c18056d963c;10.15468/topt6v;;
164;CC-BY;non;CardObs : Observations naturalistes issues de l'outil CardObs-Données naturalistes de Pierre FRAPA;d6172663-73c4-4dfa-b483-36f454936a37;d6172663-73c4-4dfa-b483-36f454936a37;10.15468/izrly0;;
161;CC-BY;non;Enquêtes de l'Opie - Inventaire des Ephémères de métropole (Opie);f88f9c5b-9097-4bfe-877a-8917b08f75e3;f88f9c5b-9097-4bfe-877a-8917b08f75e3;10.15468/tzy0ks;;
160;CC-BY;non;Conventions de partenariat sur les terrains militaires d'Occitanie - Données ANA - CEN Ariège sur terrain militaire;2ebda1e4-f54b-44aa-a39d-b0da46c6af19;2ebda1e4-f54b-44aa-a39d-b0da46c6af19;10.15468/dkjm2f;;
160;CC-BY;non;Inventaire des coléoptères saproxyliques de France métropolitaine - Données multi sources collectées par Hanot Christophe, pour l'atlas des Cerambycidae de métropole (lot 2017);9fc816de-28c7-4484-940a-902af780a96f;9fc816de-28c7-4484-940a-902af780a96f;10.15468/395xhy;;
160;CC-BY;non;Observatoire des abeilles : collection Aubert-Observatoire des abeilles - collection, observations & déterminations de Matthieu Aubert;;cc988c4f-85da-4a4c-8292-1ff49e3f0807;10.15468/5vautt;;
158;CC-BY;non;Données de Mammifères issues de Baznat. Midi-Pyrénées - Données mammifères Midi-Pyrénées enregistrées dans BazNat - Lot 3;5e6b1784-7ade-4542-a61f-8adf9bfb0b7b;5e6b1784-7ade-4542-a61f-8adf9bfb0b7b;10.15468/smzoch;;
156;CC-BY;non;6 - Inventaire général de la flore vasculaire et de la fonge sur le TAG du CBNMed-Divers jeux de données floristiques produits par la Fédération Aude Claire;e54ed09d-d0df-4e6d-8438-ff79a865b0f9;e54ed09d-d0df-4e6d-8438-ff79a865b0f9;10.15468/ckb38j;;
151;CC-BY;non;"Programme de connaissance sur les amphibiens de France Métropolitaine (SHF)-POPAmphibien ""Communauté"" (SHF)";;397884c0-7d0e-4845-a579-14113386c44b;10.15468/rn5cfw;;
150;CC-BY;non;6 - Inventaire général de la flore vasculaire et de la fonge sur le TAG du CBNMed-Divers jeux de données floristiques produits par le CBNMED sur son territoire d'agrément;e765780e-42d8-473f-a210-6365554f07b4;e765780e-42d8-473f-a210-6365554f07b4;10.15468/gcpara;;
142;CC-BY;non;50000 Observations pour la forêt-Données du programme 50000 observations pour la forêt;30b2cfa9-65a6-4338-8ef3-cf6daa210487;30b2cfa9-65a6-4338-8ef3-cf6daa210487;10.15468/tazwur;;
142;CC-BY;non;Données piscicoles et astacicoles des cours d'eau de France métropolitaine bancarisées dans ASPE (OFB) - Données piscicoles acquises selon le protocole de pêche partielle sur berges - ASPE - OFB;fbf2c8a9-1f63-4a48-a85e-96e5641f3cc8;fbf2c8a9-1f63-4a48-a85e-96e5641f3cc8;10.15468/ndx7os;;
136;CC-BY;non;Bibliographie de la faune, la flore et la fonge de France métropolitaine et outre-mer-Bulletin de la Société d'Histoire Naturelle de Toulouse [1867- ];2015efcb-7791-40dc-bd71-7c77449acf49;2015efcb-7791-40dc-bd71-7c77449acf49;10.15468/mytnul;;
136;CC-BY;non;Inventaire des coléoptères saproxyliques de France métropolitaine-Données d'occurence espèce du Département Santé des Forêts 2016-2021;;5c27d5db-faab-4371-8b63-8180e269db88;10.15468/sk7xhp;;
133;CC-BY;non;Observations opportunistes de flore vasculaire, bryophytes, champignons et lichens-Observations opportunistes Fonge des bénévoles de l'Association mycologique de Bigorre;;1b7630de-f1b3-4918-837d-92cf375b8af9;10.15468/sa8zbq;;
132;CC-BY;non;CardObs : Observations naturalistes issues de l'outil CardObs-Données naturalistes d'Alain BERLY;abe19638-cfb5-45e6-ba70-bf045f2b143c;abe19638-cfb5-45e6-ba70-bf045f2b143c;10.15468/dmtj3c;;
128;CC-BY;non;Collections entomologiques saisies par le CEN MP-Collection entomologique Museum d'Histoire naturelle;d624672e-587d-4155-9302-6ad089d35024;d624672e-587d-4155-9302-6ad089d35024;10.15468/5v34ud;;
127;CC-BY;non;Stages naturalistes NEO-Stage Orthoptères 2020;;7372ed70-d20d-4bf4-84bb-2226716e10af;10.15468/7qsp5a;;
127;CC-BY;non;Cadre d'acquisition personnel de Clément Cathy-Jeu de données personnel de Clément Cathy;7c5c665a-16b2-40a4-840f-3a030de9d65f;7c5c665a-16b2-40a4-840f-3a030de9d65f;10.15468/jr7mwe;;
123;CC-BY;non;Inventaire des Crustacés Isopodes terrestres de France métropolitaine - Inventaire des Crustacés Isopodes de France métropolitaine;2c13b330-d6c5-4d4f-a726-129ca8c855cf;2c13b330-d6c5-4d4f-a726-129ca8c855cf;10.15468/xqesji;;
122;CC-BY;non;Parc photovoltaïque de Montaut - PV Montaut faune flore 2021;;01720451-bb6e-43a0-97c7-696dfee589ce;10.15468/6zpk2t;;
